[
  {
    "$schema": "https://unpkg.com/@camunda/element-templates-json-schema/resources/schema.json",
    "name": "Relationship Link Delegate Template",
    "id": "relationshiplinktemplate",
    "description": "Template for a RelationshipLinkDelegate",
    "version": 1,
    "appliesTo": [
      "bpmn:Task"
    ],
    "elementType": {
      "value": "bpmn:ServiceTask"
    },
    "properties": [
      {
        "label": "Implementation Type",
        "type": "String",
        "value": "com.mgmtp.a12.workflows.delegates.relationship.RelationshipLinkDelegate",
        "entriesVisible": {
          "_all": true
        },
        "editable": false,
        "binding": {
          "type": "property",
          "name": "camunda:class"
        }
      },
      {
        "label": "relationshipModel",
        "type": "String",
        "binding": {
          "type": "camunda:inputParameter",
          "name": "relationshipModel"
        },
        "constraints": {
          "notEmpty": true
        }
      },
      {
        "label": "sourceDocId",
        "type": "String",
        "binding": {
          "type": "camunda:inputParameter",
          "name": "sourceDocId"
        },
        "constraints": {
          "notEmpty": true
        }
      },
      {
        "label": "sourceDocModel",
        "type": "String",
        "binding": {
          "type": "camunda:inputParameter",
          "name": "sourceDocModel"
        },
        "constraints": {
          "notEmpty": true
        }
      },
      {
        "label": "sourceRole",
        "type": "String",
        "binding": {
          "type": "camunda:inputParameter",
          "name": "sourceRole"
        },
        "constraints": {
          "notEmpty": true
        }
      },
      {
        "label": "targetDocId",
        "type": "String",
        "binding": {
          "type": "camunda:inputParameter",
          "name": "targetDocId"
        },
        "constraints": {
          "notEmpty": true
        }
      },
      {
        "label": "targetDocModel",
        "type": "String",
        "binding": {
          "type": "camunda:inputParameter",
          "name": "targetDocModel"
        },
        "constraints": {
          "notEmpty": true
        }
      },
      {
        "label": "targetRole",
        "type": "String",
        "binding": {
          "type": "camunda:inputParameter",
          "name": "targetRole"
        },
        "constraints": {
          "notEmpty": true
        }
      },
      {
        "label": "Async before?",
        "type": "Boolean",
        "binding": {
          "type": "property",
          "name": "camunda:asyncBefore"
        }
      },
      {
        "label": "Async after?",
        "type": "Boolean",
        "binding": {
          "type": "property",
          "name": "camunda:asyncAfter"
        }
      }
    ]
  }
]