[
  {
    "$schema": "https://unpkg.com/@camunda/element-templates-json-schema/resources/schema.json",
    "name": "Set Document Field Delegate Template",
    "id": "setdocumentfielddelegatetemplate",
    "description": "Template for a SetDocumentFieldDelegate",
    "version": 1,
    "appliesTo": [
      "bpmn:Task"
    ],
    "elementType": {
      "value": "bpmn:ServiceTask"
    },
    "properties": [
      {
        "label": "Implementation Type",
        "type": "String",
        "value": "com.mgmtp.a12.workflows.delegates.setstatus.SetDocumentFieldDelegate",
        "entriesVisible": {
          "_all": true
        },
        "editable": false,
        "binding": {
          "type": "property",
          "name": "camunda:class"
        }
      },
      {
        "label": "Path To Field",
        "type": "String",
        "binding": {
          "type": "camunda:inputParameter",
          "name": "pathToField"
        },
        "constraints": {
          "notEmpty": true
        }
      },
      {
        "label": "New Value",
        "type": "String",
        "binding": {
          "type": "camunda:inputParameter",
          "name": "newValue"
        },
        "constraints": {
          "notEmpty": true
        }
      },
      {
        "label": "Document Reference",
        "type": "String",
        "binding": {
          "type": "camunda:inputParameter",
          "name": "documentReference"
        },
        "constraints": {
          "notEmpty": true
        }
      },
      {
        "label": "Async before?",
        "type": "Boolean",
        "binding": {
          "type": "property",
          "name": "camunda:asyncBefore"
        }
      },
      {
        "label": "Async after?",
        "type": "Boolean",
        "binding": {
          "type": "property",
          "name": "camunda:asyncAfter"
        }
      }
    ]
  }
]